Date,Thermal Generation Estimated (in MU),Thermal Generation Actual (in MU)
2017-09-01,2532.39,2777.91
2017-09-02,2563.37,2777.91
2017-09-03,2533.23,2777.77
2017-09-04,2714.28,2777.77
2017-09-05,2779.6499999999996,2790.85
2017-09-06,2831.1099999999997,2808.5299999999997
2017-09-07,2879.52,2818.06
2017-09-08,2905.2400000000002,2828.45
2017-09-09,2945.6499999999996,2834.33
2017-09-10,2952.33,2826.12
2017-09-11,2971.05,2829.37
2017-09-12,2987.1099999999997,2829.37
2017-09-13,3031.18,2834.15
2017-09-14,3000.4,2839.56
2017-09-15,3008.53,2866.5699999999997
2017-09-16,3004.39,2879.7799999999997
2017-09-17,2791.42,2870.9
2017-09-18,2773.72,2870.9
2017-09-19,2796.98,2870.9
2017-09-20,2786.04,2855.63
2017-09-21,2843.81,2867.83
2017-09-22,961.5,1072.53
2017-09-23,2713.27,2862.32
2017-09-24,2712.45,2866.75
2017-09-25,2806.27,2870.58
2017-09-26,2902.16,2873.18
2017-09-27,2926.6600000000003,2873.18
2017-09-28,2883.69,2877.0699999999997
2017-09-29,2785.33,2887.58
2017-09-30,2704.21,2887.58
2017-10-01,2668.37,2861.41
2017-10-03,2855.92,2861.41
2017-10-04,2891.6200000000003,2861.41
2017-10-05,2959.2799999999997,2856.93
2017-10-06,2957.22,2862.54
2017-10-07,2960.54,2862.54
2017-10-08,2843.5499999999997,2871.42
2017-10-09,2882.14,2875.9
2017-10-10,2908.13,2875.9
2017-10-11,2924.24,2891.9
2017-10-12,2939.6600000000003,2891.9
2017-10-13,2926.9300000000003,2891.9
2017-10-14,2896.1200000000003,2888.86
2017-10-15,2751.86,2899.42
2017-10-16,2805.88,2900.38
2017-10-17,2904.1,2903.42
2017-10-18,2835.87,2890.42
2017-10-19,2666.31,2902.9
2017-10-20,2563.03,2865.0800000000004
2017-10-21,2585.75,2854.03
2017-10-22,2593.89,2849.46
2017-10-23,2765.0299999999997,2857.77
2017-10-24,2903.2000000000003,2855.29
2017-10-25,2911.73,2865.16
2017-10-26,2882.93,2865.16
2017-10-27,2897.0099999999998,2867.2400000000002
2017-10-28,2895.9100000000003,2856.31
2017-10-29,2813.33,2856.31
2017-10-30,2832.14,2856.31
2017-10-31,2838.68,2863.31
2017-11-01,2823.63,2772.42
2017-11-02,2815.32,2772.42
2017-11-03,2813.0299999999997,2773.81
2017-11-04,2767.9900000000002,2773.81
2017-11-05,2714.7400000000002,2776.0
2017-11-06,2783.71,2776.0
2017-11-07,2835.1699999999996,2779.75
2017-11-08,2877.29,2789.54
2017-11-09,2907.34,2792.04
2017-11-10,2862.3300000000004,2786.93
2017-11-11,2809.4,2786.93
2017-11-12,2727.43,2784.43
2017-11-13,2789.78,2773.43
2017-11-14,2839.03,2774.9799999999996
2017-11-15,2810.7400000000002,2783.26
2017-11-16,2790.7799999999997,2790.7200000000003
2017-11-17,2804.1699999999996,2785.34
2017-11-18,2789.4300000000003,2782.35
2017-11-19,2723.22,2820.02
2017-11-20,2766.66,2786.91
2017-11-21,2795.19,2786.41
2017-11-22,2806.57,2776.86
2017-11-23,2820.08,2795.36
2017-11-24,2853.48,2795.36
2017-11-25,2808.18,2800.01
2017-11-26,2723.1099999999997,2802.92
2017-11-27,2781.54,2821.83
2017-11-28,2816.7999999999997,2824.49
2017-11-29,2785.53,2825.14
2017-11-30,2743.71,2828.47
2017-12-01,2690.78,2761.11
2017-12-02,2687.39,2782.41
2017-12-03,2608.31,2783.93
2017-12-04,2667.13,2797.29
2017-12-05,2592.9900000000002,2787.79
2017-12-06,2640.13,2807.34
2017-12-07,2695.66,2807.34
2017-12-08,2745.89,2807.34
2017-12-09,2749.18,2802.94
2017-12-10,2704.29,2795.78
2017-12-11,2724.9,2800.02
2017-12-12,2714.85,2791.53
2017-12-13,2833.59,2802.58
2017-12-14,2792.81,2813.14
2017-12-15,2788.07,2798.07
2017-12-16,2708.25,2815.2500000000005
2017-12-17,2651.76,2811.17
2017-12-18,2752.6,2814.6000000000004
2017-12-19,2790.32,2814.3900000000003
2017-12-20,2834.29,2816.6000000000004
2017-12-21,2831.09,2826.01
2017-12-22,2853.66,2830.9
2017-12-23,2838.5,2833.4500000000003
2017-12-24,2773.94,2828.75
2017-12-25,2814.85,2828.75
2017-12-26,2877.9,2854.09
2017-12-27,2873.52,2865.0800000000004
2017-12-28,2874.4,2873.51
2017-12-29,2879.62,2873.51
2017-12-30,2866.11,2877.91
2017-12-31,2811.65,2883.5099999999998
2018-01-01,2805.89,2903.71
2018-01-02,2876.93,2895.51
2018-01-03,2921.5,2895.51
2018-01-04,2948.0099999999998,2898.01
2018-01-05,2974.1900000000005,2900.6400000000003
2018-01-06,2936.32,2896.1200000000003
2018-01-07,2846.33,2893.29
2018-01-08,2915.8900000000003,2890.38
2018-01-09,2946.33,2908.46
2018-01-10,2958.91,2899.3
2018-01-11,2965.47,2904.76
2018-01-12,2996.68,2904.76
2018-01-13,3002.35,2914.97
2018-01-14,2800.2,2914.97
2018-01-15,2818.66,2915.41
2018-01-16,2914.7699999999995,2912.74
2018-01-17,2982.83,2902.0499999999997
2018-01-18,2962.68,2902.0499999999997
2018-01-19,2962.94,2902.0499999999997
2018-01-20,2953.89,2897.63
2018-01-21,2882.15,2897.63
2018-01-22,2931.28,2901.7
2018-01-23,2911.43,2899.0099999999998
2018-01-24,2934.39,2896.82
2018-01-25,2979.87,2888.57
2018-01-26,2836.4500000000003,2897.69
2018-01-27,2904.06,2898.41
2018-01-28,2883.27,2901.3199999999997
2018-01-29,2941.21,2905.1499999999996
2018-01-30,2931.14,2905.1499999999996
2018-01-31,2943.42,2909.1499999999996
2018-02-01,2950.4900000000002,2918.9
2018-02-02,2966.86,2918.9
2018-02-03,2930.1,2920.21
2018-02-04,2819.3599999999997,2920.21
2018-02-05,2916.94,2920.21
2018-02-06,2995.72,2926.9
2018-02-07,3016.2000000000003,2926.9
2018-02-08,3002.81,2926.9
2018-02-09,3023.2100000000005,2945.5
2018-02-10,2996.3100000000004,2945.5
2018-02-11,2809.75,2942.1
2018-02-12,2790.07,2939.6
2018-02-13,2824.1400000000003,2939.6
2018-02-14,2801.94,2939.6
2018-02-15,2844.27,2946.2
2018-02-16,2950.06,2949.05
2018-02-17,2959.35,2949.05
2018-02-18,2884.69,2956.05
2018-02-19,2932.9,2965.85
2018-02-20,3015.84,2960.69
2018-02-21,3031.1,2970.69
2018-02-22,3057.31,2975.11
2018-02-23,3048.53,2976.51
2018-02-24,2985.21,2976.51
2018-02-25,2903.6200000000003,2975.84
2018-02-26,2996.75,2975.2000000000003
2018-02-27,3043.48,2979.7000000000003
2018-02-28,3093.38,2986.2000000000003
2018-03-01,3073.39,2997.96
2018-03-02,2800.23,2997.96
2018-03-03,2824.22,2999.83
2018-03-04,2919.9300000000003,2999.83
2018-03-05,2993.6800000000003,2995.08
2018-03-06,3042.67,2994.43
2018-03-07,3058.19,2991.15
2018-03-08,3080.57,2990.5
2018-03-09,3067.97,2990.5
2018-03-10,3072.9,2990.5
2018-03-11,3026.82,2993.65
2018-03-12,3091.64,2994.35
2018-03-13,3103.5,2987.45
2018-03-14,3081.56,2977.3
2018-03-15,3121.3,2976.69
2018-03-16,3097.72,2976.04
2018-03-17,2977.5299999999997,2976.69
2018-03-18,2940.85,2976.69
2018-03-19,3029.8300000000004,2977.34
2018-03-20,3073.4900000000002,2977.99
2018-03-21,3054.68,2981.97
2018-03-22,3103.8999999999996,2985.82
2018-03-23,3139.13,2985.82
2018-03-24,3140.68,2985.82
2018-03-25,3048.48,2985.82
2018-03-26,3152.4500000000003,2989.92
2018-03-27,3185.83,2990.57
2018-03-28,3234.74,2990.57
2018-03-29,3251.46,2991.2200000000003
2018-03-30,3174.62,2991.87
2018-03-31,3045.4700000000003,2994.4
2018-04-01,2924.47,3041.17
2018-04-02,2972.21,3041.17
2018-04-03,3109.34,3065.68
2018-04-04,3152.83,3065.68
2018-04-05,3146.12,3005.19
2018-04-06,3133.89,3010.58
2018-04-07,3027.87,3010.58
2018-04-08,2887.02,3010.58
2018-04-09,2974.52,3010.58
2018-04-10,3040.0299999999997,3004.82
2018-04-11,3004.5499999999997,3007.1800000000003
2018-04-12,2979.7599999999998,3004.6800000000003
2018-04-13,3044.93,3001.9
2018-04-14,3047.73,2994.99
2018-04-15,2997.5800000000004,3001.97
2018-04-16,3153.2,2990.57
2018-04-17,3186.03,2985.94
2018-04-18,3150.02,2983.7
2018-04-19,3191.52,2983.7
2018-04-20,3098.97,2988.98
2018-04-21,3170.8,2994.3
2018-04-22,3057.71,2994.3
2018-04-23,3179.5,2994.3
2018-04-24,3182.8,2993.21
2018-04-25,3185.8,2993.21
2018-04-26,3184.92,2998.6099999999997
2018-04-27,3214.5,2998.6099999999997
2018-04-28,3203.81,2997.9399999999996
2018-04-29,3041.0,3000.4399999999996
2018-04-30,2979.77,3007.5699999999997
2018-05-01,2879.57,2976.87
2018-05-02,2917.73,2976.19
2018-05-03,2798.34,2977.36
2018-05-04,2987.55,2977.36
2018-05-05,3113.2400000000002,2977.41
2018-05-06,3010.3,2981.49
2018-05-07,3080.5499999999997,2981.49
2018-05-08,3032.36,2981.49
2018-05-09,3082.05,2985.07
2018-05-10,3143.67,2987.87
2018-05-11,3174.41,2992.3900000000003
2018-05-12,3091.01,2992.3900000000003
2018-05-13,2953.3,2992.3900000000003
2018-05-14,2868.4,2992.3900000000003
2018-05-15,3099.7599999999998,2986.1200000000003
2018-05-16,3122.08,3006.25
2018-05-17,3166.68,3006.25
2018-05-18,3155.91,3008.46
2018-05-19,3157.0,3010.44
2018-05-20,3055.62,3017.96
2018-05-21,3205.62,3015.4100000000003
2018-05-22,3332.06,3014.2000000000003
2018-05-23,3324.57,3014.57
2018-05-24,3287.72,3009.96
2018-05-25,3241.06,2992.71
2018-05-26,3232.6299999999997,2997.88
2018-05-27,3181.65,3002.48
2018-05-28,3258.9900000000002,3004.1
2018-05-29,3177.11,3004.1
2018-05-30,3208.0299999999997,3004.96
2018-05-31,3239.41,3004.96
2018-06-01,3115.67,2906.63
2018-06-02,3014.61,2904.27
2018-06-03,2879.25,2904.27
2018-06-04,3037.8199999999997,2907.98
2018-06-05,3069.13,2907.98
2018-06-06,2959.95,2921.98
2018-06-07,2944.63,2929.69
2018-06-08,2779.59,2929.69
2018-06-09,2465.49,2936.69
2018-06-10,2417.5899999999997,2945.0
2018-06-11,2660.57,2940.9
2018-06-12,2711.79,2932.27
2018-06-13,2654.4,2923.1899999999996
2018-06-14,2688.55,2923.1899999999996
2018-06-15,2846.26,2902.82
2018-06-16,2806.43,2891.2200000000003
2018-06-17,2603.37,2891.2200000000003
2018-06-18,2823.67,2893.91
2018-06-19,2972.51,2894.05
2018-06-20,3097.85,2890.9300000000003
2018-06-21,3150.65,2882.9300000000003
2018-06-22,3182.0,2883.1699999999996
2018-06-23,3139.76,2869.5299999999997
2018-06-24,2947.01,2873.35
2018-06-25,3019.18,2861.42
2018-06-26,2892.54,2875.7400000000002
2018-06-27,2815.0,2891.79
2018-06-28,2659.06,2891.79
2018-06-29,2746.32,2887.6800000000003
2018-06-30,2859.18,2887.6800000000003
2018-07-01,2777.3799999999997,2769.2599999999998
2018-07-02,2742.31,2769.0699999999997
2018-07-03,2635.1200000000003,2763.41
2018-07-04,2594.3199999999997,2760.08
2018-07-05,2774.75,2746.83
2018-07-06,2872.6600000000003,2763.29
2018-07-07,2920.7,2750.29
2018-07-08,2914.8599999999997,2771.82
2018-07-09,2886.29,2778.0099999999998
2018-07-10,2895.11,2751.2200000000003
2018-07-11,2784.97,2760.65
2018-07-12,2760.85,2761.3
2018-07-13,2666.74,2764.25
2018-07-14,2627.59,2764.25
2018-07-15,2564.3199999999997,2753.48
2018-07-16,2628.33,2775.18
2018-07-17,2632.5099999999998,2777.9100000000003
2018-07-18,2714.13,2788.12
2018-07-19,2739.2400000000002,2788.12
2018-07-20,2717.4,2801.9900000000002
2018-07-21,2543.96,2798.0099999999998
2018-07-22,2338.2,2817.66
2018-07-23,2506.9,2825.2599999999998
2018-07-24,2605.34,2786.17
2018-07-25,2534.2000000000003,2790.46
2018-07-26,2357.51,2822.21
2018-07-27,2378.56,2822.21
2018-07-28,2448.5099999999998,2811.91
2018-07-29,2436.36,2815.9
2018-07-30,2613.16,2822.1200000000003
2018-07-31,2648.4700000000003,2848.92
2018-08-01,2672.8,2847.09
2018-08-02,2736.37,2858.4100000000003
2018-08-03,2795.61,2861.35
2018-08-04,2823.9300000000003,2861.28
2018-08-05,2720.27,2854.42
2018-08-06,2735.3300000000004,2861.5800000000004
2018-08-07,2823.3700000000003,2850.5600000000004
2018-08-08,2858.23,2849.6800000000003
2018-08-09,2904.4500000000003,2859.94
2018-08-10,2929.7000000000003,2839.76
2018-08-11,2781.7,2855.76
2018-08-12,2565.89,2856.61
2018-08-13,2687.22,2857.4900000000002
2018-08-14,2792.85,2860.7200000000003
2018-08-15,2575.62,2848.34
2018-08-16,2595.7400000000002,2859.59
2018-08-17,2624.2,2853.46
2018-08-18,2692.06,2867.45
2018-08-19,2530.12,2883.79
2018-08-20,2573.01,2870.37
2018-08-21,2618.98,2865.22
2018-08-22,2656.86,2868.5
2018-08-23,2630.41,2866.35
2018-08-24,2663.27,2857.82
2018-08-25,2616.0699999999997,2863.42
2018-08-26,2444.3199999999997,2874.09
2018-08-27,2618.73,2886.62
2018-08-28,2688.66,2886.01
2018-08-29,2699.79,2896.23
2018-08-30,2695.7400000000002,2924.6800000000003
2018-09-01,2640.12,2892.21
2018-09-02,2468.32,2892.21
2018-09-03,2511.53,2892.21
2018-09-04,2616.45,2898.96
2018-09-05,2643.15,2909.27
2018-09-06,2677.85,2905.27
2018-09-07,2699.71,2912.4
2018-09-08,2723.03,2899.69
2018-09-09,2754.1,2887.94
2018-09-10,2907.35,2882.83
2018-09-11,2985.74,2889.38
2018-09-12,2996.82,2889.38
2018-09-13,3005.0899999999997,2903.04
2018-09-14,3120.46,2937.9900000000002
2018-09-15,3162.71,2944.4100000000003
2018-09-16,3162.11,2953.88
2018-09-17,3163.84,2953.88
2018-09-18,3193.4300000000003,2950.69
2018-09-19,3216.62,2953.6099999999997
2018-09-20,3197.16,2943.72
2018-09-21,3043.11,2944.12
2018-09-22,2758.43,2963.67
2018-09-23,2649.4900000000002,2975.0499999999997
2018-09-24,2784.7999999999997,2975.0499999999997
2018-09-25,2882.81,2988.12
2018-09-26,2972.64,3009.7400000000002
2018-09-27,3013.38,3014.2400000000002
2018-09-28,3083.09,3014.2400000000002
2018-09-29,3114.86,3014.2400000000002
2018-09-30,3031.32,3015.3
2018-10-01,3127.2599999999998,3019.27
2018-10-02,3094.87,3029.95
2018-10-03,3206.57,3025.95
2018-10-04,3215.07,3025.95
2018-10-05,3202.52,3029.14
2018-10-06,3177.75,3033.22
2018-10-07,3141.65,3033.22
2018-10-08,3229.8,3047.39
2018-10-09,3219.08,3049.74
2018-10-10,3269.42,3049.74
2018-10-11,3197.1,3054.36
2018-10-12,3164.9700000000003,3052.48
2018-10-13,3148.73,3053.32
2018-10-14,3086.21,3053.32
2018-10-15,3184.63,3048.01
2018-10-16,3193.29,3034.66
2018-10-17,3177.08,3037.66
2018-10-18,3071.02,3037.66
2018-10-19,3036.7200000000003,3039.23
2018-10-20,3079.19,3041.23
2018-10-21,3060.03,3039.23
2018-10-22,3106.31,3039.23
2018-10-23,3157.41,3039.6
2018-10-24,3170.96,3040.08
2018-10-25,3170.0299999999997,3043.22
2018-10-26,3115.92,3067.31
2018-10-27,3101.1,3067.31
2018-10-28,2986.45,3067.31
2018-10-29,3058.5400000000004,3071.77
2018-10-30,3088.37,3072.08
2018-10-31,3119.7599999999998,3080.77
2018-11-01,3144.0299999999997,3039.74
2018-11-02,3138.05,3047.14
2018-11-03,3070.58,3047.2799999999997
2018-11-04,2927.54,3051.06
2018-11-05,3046.3,3053.0200000000004
2018-11-06,3000.56,3040.94
2018-11-07,2792.66,3045.36
2018-11-08,2664.7999999999997,3045.36
2018-11-09,2771.6499999999996,3028.6000000000004
2018-11-10,2859.09,3002.3900000000003
2018-11-11,2868.39,3000.09
2018-11-12,2954.43,2989.21
2018-11-13,2996.7599999999998,2989.21
2018-11-14,2987.79,2988.42
2018-11-15,2953.84,2980.2799999999997
2018-11-16,2891.64,2990.95
2018-11-17,2935.33,2990.95
2018-11-18,2905.29,2988.31
2018-11-19,2979.52,2984.23
2018-11-20,2975.6400000000003,2952.76
2018-11-21,2978.0,2955.06
2018-11-22,2944.81,2958.17
2018-11-23,2903.85,2963.38
2018-11-24,2934.81,2967.46
2018-11-25,2878.66,2976.99
2018-11-26,2931.8799999999997,2985.63
2018-11-27,2946.7599999999998,2985.63
2018-11-28,2941.88,2985.63
2018-11-29,2949.3199999999997,2985.63
2018-11-30,2948.6200000000003,3003.6899999999996
2018-12-01,2914.59,2915.25
2018-12-02,2825.0,2925.82
2018-12-03,2888.46,2925.82
2018-12-04,2924.51,2942.5
2018-12-05,2954.86,2937.5299999999997
2018-12-06,2977.8,2961.45
2018-12-07,2943.97,2964.4300000000003
2018-12-08,2925.11,2960.81
2018-12-09,2860.57,2963.46
2018-12-10,2938.86,2975.81
2018-12-11,2951.87,2991.66
2018-12-12,2920.54,2979.75
2018-12-13,2906.86,2993.54
2018-12-14,2847.17,2977.85
2018-12-15,2781.6800000000003,2979.84
2018-12-16,2714.2400000000002,2985.65
2018-12-17,2779.09,2992.2
2018-12-18,2812.68,2992.2
2018-12-19,2853.35,2997.62
2018-12-20,2895.42,3006.43
2018-12-21,2950.21,3021.99
2018-12-22,2953.01,3027.25
2018-12-23,2851.2000000000003,3027.89
2018-12-24,2879.46,3033.62
2018-12-25,2908.03,3044.5
2018-12-26,2979.9900000000002,3058.5699999999997
2018-12-27,3010.38,3066.72
2018-12-28,2994.9199999999996,3066.72
2018-12-29,2933.77,3066.72
2018-12-30,2837.11,3071.72
2018-12-31,2901.98,3082.5899999999997
2019-01-01,2895.1,3114.04
2019-01-02,2924.6099999999997,3114.04
2019-01-03,2945.95,3114.9
2019-01-04,2989.44,3114.9
2019-01-05,2949.25,3109.14
2019-01-06,2809.81,3105.7400000000002
2019-01-07,2882.23,3121.18
2019-01-08,2988.47,3123.5099999999998
2019-01-09,2972.29,3133.8599999999997
2019-01-10,2997.3199999999997,3118.4
2019-01-11,3036.04,3122.64
2019-01-12,3026.77,3113.73
2019-01-13,2903.5299999999997,3113.73
2019-01-14,2810.59,3111.9900000000002
2019-01-15,2874.6499999999996,3113.17
2019-01-16,2949.09,3119.21
2019-01-17,2968.09,3105.74
2019-01-18,3008.85,3114.5299999999997
2019-01-19,2994.83,3114.5299999999997
2019-01-20,2893.6899999999996,3115.27
2019-01-21,2861.27,3115.27
2019-01-22,2829.8199999999997,3116.1299999999997
2019-01-23,2960.96,3124.5099999999998
2019-01-24,2918.69,3112.8
2019-01-25,2892.84,3110.38
2019-01-26,2697.7799999999997,3113.05
2019-01-27,2683.4,3113.2
2019-01-28,2810.11,3103.64
2019-01-29,2875.4,3103.64
2019-01-30,2930.89,3100.99
2019-01-31,2931.8,3123.2200000000003
2019-02-01,2858.26,3085.11
2019-02-02,2865.67,3085.11
2019-02-03,2775.44,3085.09
2019-02-04,2853.57,3085.09
2019-02-05,2967.35,3085.09
2019-02-06,2954.87,3088.35
2019-02-07,2825.0,3090.85
2019-02-08,2905.79,3092.02
2019-02-09,2899.9500000000003,3082.89
2019-02-10,2824.68,3070.78
2019-02-11,2850.15,3080.73
2019-02-12,2884.87,3080.73
2019-02-13,2934.46,3083.42
2019-02-14,2938.29,3092.16
2019-02-15,2896.65,3092.16
2019-02-16,2863.59,3092.16
2019-02-17,2826.2000000000003,3094.08
2019-02-18,2886.6600000000003,3087.64
2019-02-19,2981.94,3103.24
2019-02-20,2977.46,3100.0
2019-02-21,2961.4,3117.79
2019-02-22,2948.1099999999997,3116.93
2019-02-23,2936.48,3116.93
2019-02-24,2864.7400000000002,3122.73
2019-02-25,2931.29,3122.73
2019-02-26,2934.64,3133.0600000000004
2019-02-27,2928.89,3133.0600000000004
2019-02-28,2967.15,3140.4100000000003
2019-03-01,3013.4300000000003,3133.27
2019-03-02,2934.14,3133.27
2019-03-03,2843.17,3133.27
2019-03-04,2926.14,3134.13
2019-03-05,2987.75,3134.13
2019-03-06,3020.0499999999997,3136.2799999999997
2019-03-07,3069.73,3133.8
2019-03-08,3046.21,3134.66
2019-03-09,3034.67,3134.66
2019-03-10,3024.04,3134.66
2019-03-11,3098.7799999999997,3143.37
2019-03-12,3145.81,3155.27
2019-03-13,3136.98,3154.6
2019-03-14,3104.18,3143.4500000000003
2019-03-15,3033.16,3139.58
2019-03-16,3025.87,3141.48
2019-03-17,2963.01,3141.48
2019-03-18,3075.27,3146.69
2019-03-19,3131.21,3156.23
2019-03-20,3091.6299999999997,3130.3900000000003
2019-03-21,2781.36,3129.4300000000003
2019-03-22,2914.8399999999997,3121.33
2019-03-23,3046.49,3123.6800000000003
2019-03-24,3036.7,3123.6800000000003
2019-03-25,3118.24,3123.6800000000003
2019-03-26,3118.2999999999997,3132.6800000000003
2019-03-27,3181.7499999999995,3132.6800000000003
2019-03-28,3204.67,3140.9100000000003
2019-03-29,3240.7000000000003,3140.9100000000003
2019-03-30,3236.48,3140.9100000000003
2019-03-31,3011.53,3140.9100000000003
2019-04-01,3088.16,3315.58
2019-04-02,3220.42,3311.58
2019-04-03,3275.1400000000003,3308.94
2019-04-04,3321.57,3308.94
2019-04-05,3248.59,3301.2599999999998
2019-04-06,3158.65,3290.2999999999997
2019-04-07,2924.2999999999997,3290.2999999999997
2019-04-08,3078.65,3290.2999999999997
2019-04-09,3132.35,3290.3399999999997
2019-04-10,3212.67,3286.4399999999996
2019-04-11,3247.7999999999997,3301.23
2019-04-12,3258.3,3301.23
2019-04-13,3240.96,3302.45
2019-04-14,3134.66,3302.49
2019-04-15,3189.75,3298.64
2019-04-16,2990.0,3294.64
2019-04-17,2826.33,3294.64
2019-04-18,2895.4,3291.99
2019-04-19,2969.59,3291.99
2019-04-20,3031.2000000000003,3287.89
2019-04-21,2946.5499999999997,3300.59
2019-04-22,3080.83,3299.4900000000002
2019-04-23,3115.5499999999997,3299.4900000000002
2019-04-24,3211.37,3299.69
2019-04-25,3321.73,3304.69
2019-04-26,3339.83,3298.4500000000003
2019-04-27,3303.7,3301.23
2019-04-28,3187.4900000000002,3298.42
2019-04-29,3288.15,3298.42
2019-04-30,3176.38,3293.98
2019-05-01,2965.36,3318.2400000000002
2019-05-02,2968.0299999999997,3317.4400000000005
2019-05-03,2881.46,3320.28
2019-05-04,2920.98,3329.56
2019-05-05,2978.9900000000002,3329.56
2019-05-06,3129.0899999999997,3350.6800000000003
2019-05-07,3128.3,3350.6800000000003
2019-05-08,3126.6000000000004,3356.26
2019-05-09,3183.14,3356.26
2019-05-10,3247.7499999999995,3359.08
2019-05-11,3223.96,3356.4300000000003
2019-05-12,3136.73,3356.4300000000003
2019-05-13,3154.39,3356.4300000000003
2019-05-14,3086.7799999999997,3346.7400000000002
2019-05-15,3174.89,3346.7400000000002
2019-05-16,3241.11,3359.3700000000003
2019-05-17,3186.3,3346.1200000000003
2019-05-18,3103.46,3342.3
2019-05-19,3096.0600000000004,3342.3
2019-05-20,3272.09,3342.3
2019-05-21,3349.27,3338.7400000000002
2019-05-22,3356.2200000000003,3339.54
2019-05-23,3328.26,3339.54
2019-05-24,3204.37,3339.1600000000003
2019-05-25,3202.36,3335.8300000000004
2019-05-26,3096.6099999999997,3328.79
2019-05-27,3293.9,3331.44
2019-05-28,3377.2599999999998,3335.69
2019-05-29,3425.3500000000004,3335.69
2019-05-30,3428.21,3334.14
2019-05-31,3393.98,3338.52
2019-06-01,3338.06,3198.84
2019-06-02,3161.41,3204.0
2019-06-03,3068.8100000000004,3204.0
2019-06-04,3183.0499999999997,3204.0
2019-06-05,3342.08,3201.52
2019-06-06,3283.2999999999997,3185.3199999999997
2019-06-07,3233.09,3185.3199999999997
2019-06-08,3266.1000000000004,3185.3199999999997
2019-06-09,3205.39,3188.5
2019-06-10,3274.93,3176.9900000000002
2019-06-11,3289.21,3172.59
2019-06-12,3135.39,3172.2400000000002
2019-06-13,3021.07,3172.2400000000002
2019-06-14,3222.62,3172.2400000000002
2019-06-15,3081.61,3110.1499999999996
2019-06-16,2881.25,3111.0499999999997
2019-06-17,2930.42,3112.7599999999998
2019-06-18,2939.03,3113.0099999999998
2019-06-19,3039.79,3122.53
2019-06-20,3112.0000000000005,3114.1
2019-06-21,3204.84,3117.42
2019-06-22,3193.1200000000003,3124.37
2019-06-23,3059.81,3124.37
2019-06-24,3166.97,3119.07
2019-06-25,3230.06,3095.86
2019-06-26,3203.61,3104.33
2019-06-27,3105.18,3107.08
2019-06-28,3044.45,3107.91
2019-06-29,3056.75,3108.2599999999998
2019-06-30,2915.05,3108.2599999999998
2019-07-01,3011.77,2828.7400000000002
2019-07-02,3020.5099999999998,2827.31
2019-07-03,2997.1,2827.31
2019-07-04,2952.8900000000003,2827.31
2019-07-05,2861.71,2841.85
2019-07-06,2735.21,2853.24
2019-07-07,2580.5,2853.24
2019-07-08,2706.62,2850.68
2019-07-09,2665.64,2847.2000000000003
2019-07-10,2673.23,2836.4900000000002
2019-07-11,2642.63,2840.65
2019-07-12,2795.5,2831.56
2019-07-13,2805.77,2831.0299999999997
2019-07-14,2646.12,2831.0299999999997
2019-07-15,2706.6,2793.47
2019-07-16,2726.42,2822.3599999999997
2019-07-17,2881.23,2822.42
2019-07-18,2983.52,2828.85
2019-07-19,3085.25,2828.85
2019-07-20,3047.9,2793.75
2019-07-21,2941.4700000000003,2821.51
2019-07-22,3080.01,2843.47
2019-07-23,3188.26,2840.47
2019-07-24,3080.49,2842.0099999999998
2019-07-25,2833.2599999999998,2803.2
2019-07-26,2704.02,2819.56
2019-07-27,2583.06,2819.56
2019-07-28,2443.44,2822.21
2019-07-29,2585.41,2822.21
2019-07-30,2693.87,2845.21
2019-07-31,2704.16,2872.21
2019-08-01,2679.87,2824.8399999999997
2019-08-02,2625.98,2824.8399999999997
2019-08-03,2581.79,2828.64
2019-08-04,2512.0899999999997,2824.59
2019-08-05,2610.16,2839.52
2019-08-06,2532.99,2852.1099999999997
2019-08-07,2443.65,2866.63
2019-08-08,2516.82,2855.65
2019-08-09,2459.4,2892.08
2019-08-10,2402.28,2881.57
2019-08-11,2474.23,2908.69
2019-08-12,2677.21,2905.87
2019-08-13,2639.7400000000002,2896.21
2019-08-14,2564.19,2915.47
2019-08-15,2264.87,2920.9700000000003
2019-08-16,2371.4500000000003,2888.31
2019-08-17,2377.05,2884.31
2019-08-18,2365.18,2892.79
2019-08-19,2562.7799999999997,2894.62
2019-08-20,2632.79,2911.45
2019-08-21,2624.29,2907.2799999999997
2019-08-22,2657.6800000000003,2917.61
2019-08-23,2683.69,2928.9500000000003
2019-08-24,2575.1,2934.56
2019-08-25,2550.2000000000003,2939.2999999999997
2019-08-26,2653.98,2961.95
2019-08-27,2774.34,2961.85
2019-08-28,2892.98,2969.52
2019-08-29,2948.81,2962.41
2019-08-30,2931.52,2956.1
2019-08-31,2904.21,2993.1
2019-09-01,2670.1,3044.16
2019-09-02,2669.75,3044.16
2019-09-03,2726.77,3030.92
2019-09-04,2702.11,3030.92
2019-09-05,2657.85,3043.38
2019-09-06,2638.0,3056.42
2019-09-07,2602.75,3052.8
2019-09-08,2485.16,3053.28
2019-09-09,2615.8900000000003,3060.66
2019-09-10,2739.17,3061.71
2019-09-11,2771.11,3060.55
2019-09-12,2675.96,3065.44
2019-09-13,2634.2599999999998,3068.66
2019-09-14,2674.84,3080.54
2019-09-15,2588.93,3073.38
2019-09-16,2656.1,3093.23
2019-09-17,2726.1400000000003,3093.23
2019-09-18,2723.31,3093.23
2019-09-19,2716.2,3095.73
2019-09-20,2774.03,3109.3
2019-09-21,2788.56,3139.3
2019-09-22,2589.43,3157.08
2019-09-23,2740.58,3157.08
2019-09-24,2726.5,3162.2200000000003
2019-09-25,2617.99,3159.1400000000003
2019-09-26,2522.96,3168.94
2019-09-27,2433.99,3174.19
2019-09-28,2319.47,3184.7900000000004
2019-09-29,2111.62,3187.09
2019-09-30,2235.17,3195.09
2019-10-01,2344.12,3197.11
2019-10-02,2341.33,3200.1800000000003
2019-10-03,2530.13,3200.1800000000003
2019-10-04,2600.98,3203.9700000000003
2019-10-05,2663.97,3200.4700000000003
2019-10-06,2561.03,3208.57
2019-10-07,2564.59,3208.57
2019-10-08,2376.46,3208.57
2019-10-09,2512.73,3206.3
2019-10-10,2655.96,3206.3
2019-10-11,2707.7,3223.2200000000003
2019-10-12,2738.04,3223.2200000000003
2019-10-13,2656.3,3223.2200000000003
2019-10-14,2771.88,3226.0
2019-10-15,2831.89,3221.5
2019-10-16,2868.23,3228.63
2019-10-17,2847.53,3228.63
2019-10-18,2799.81,3228.63
2019-10-19,2752.9500000000003,3231.28
2019-10-20,2616.26,3229.21
2019-10-21,2578.5,3230.21
2019-10-22,2593.18,3233.25
2019-10-23,2564.14,3229.43
2019-10-24,2482.9,3229.43
2019-10-25,2415.52,3229.36
2019-10-26,2273.81,3219.56
2019-10-27,2152.8,3222.36
2019-10-28,2082.46,3225.0099999999998
2019-10-29,2194.67,3224.31
2019-10-30,2273.33,3224.31
2019-10-31,2351.89,3224.31
2019-11-01,2420.39,3077.84
2019-11-02,2480.68,3077.84
2019-11-03,2409.85,3077.9500000000003
2019-11-04,2554.2000000000003,3068.6600000000003
2019-11-05,2645.4,3066.1
2019-11-06,2712.7400000000002,3068.06
2019-11-07,2622.02,3059.23
2019-11-08,2528.24,3063.62
2019-11-09,2483.39,3067.8
2019-11-10,2446.37,3023.61
2019-11-11,2618.08,3023.61
2019-11-12,2672.2000000000003,3018.92
2019-11-13,2717.8,3018.92
2019-11-14,2719.12,3018.92
2019-11-15,2728.89,3025.39
2019-11-16,2712.97,3019.86
2019-11-17,2577.08,3022.42
2019-11-18,2731.46,3020.34
2019-11-19,2794.72,3024.5499999999997
2019-11-20,2791.63,3028.19
2019-11-21,2773.29,3028.19
2019-11-22,2794.71,3028.94
2019-11-23,2712.5099999999998,3040.57
2019-11-24,2627.03,3036.8599999999997
2019-11-25,2727.4900000000002,3033.1099999999997
2019-11-26,2739.7,3050.51
2019-11-27,2700.4700000000003,3046.51
2019-11-28,2654.25,3046.51
2019-11-29,2672.33,3050.37
2019-11-30,2661.16,3046.16
2019-12-01,2565.16,3018.93
2019-12-02,2615.53,3013.4100000000003
2019-12-03,2641.13,3011.4300000000003
2019-12-04,2652.91,3016.11
2019-12-05,2681.21,3025.8900000000003
2019-12-06,2700.42,3044.77
2019-12-07,2638.23,3044.77
2019-12-08,2557.83,3044.77
2019-12-09,2716.16,3047.0699999999997
2019-12-10,2811.57,3042.46
2019-12-11,2901.48,3035.46
2019-12-12,2849.5,3048.36
2019-12-13,2659.4700000000003,3056.78
2019-12-14,2702.01,3045.36
2019-12-15,2563.83,3057.02
2019-12-16,2622.14,3082.78
2019-12-17,2684.18,3082.78
2019-12-18,2779.89,3086.9300000000003
2019-12-19,2855.5,3110.54
2019-12-20,2951.38,3096.31
2019-12-21,2874.4500000000003,3107.28
2019-12-22,2743.98,3107.28
2019-12-23,2862.32,3103.33
2019-12-24,2939.07,3103.33
2019-12-25,2929.75,3099.04
2019-12-26,2991.28,3122.71
2019-12-27,2969.16,3136.67
2019-12-28,2918.34,3137.5
2019-12-29,2831.34,3137.5
2019-12-30,2928.49,3137.5
2019-12-31,2981.3599999999997,3166.5699999999997
2020-01-01,2878.01,3119.66
2020-01-02,2913.21,3119.7
2020-01-03,2945.18,3120.03
2020-01-04,2946.0099999999998,3115.4900000000002
2020-01-05,2833.2799999999997,3147.9700000000003
2020-01-06,2876.33,3142.4100000000003
2020-01-07,2934.0,3142.4100000000003
2020-01-08,2936.0099999999998,3144.9500000000003
2020-01-09,2882.88,3148.86
2020-01-10,2875.74,3147.82
2020-01-11,2926.62,3147.82
2020-01-12,2921.56,3148.11
2020-01-13,2972.75,3148.11
2020-01-14,2920.73,3153.12
2020-01-15,2810.37,3136.46
2020-01-16,2764.0699999999997,3141.0499999999997
2020-01-17,2880.71,3141.83
2020-01-18,2909.7999999999997,3141.83
2020-01-19,2781.02,3151.88
2020-01-20,2933.13,3147.83
2020-01-21,2975.21,3147.9700000000003
2020-01-22,2877.8999999999996,3163.87
2020-01-23,2900.39,3159.69
2020-01-24,2993.3,3159.69
2020-01-25,3052.98,3156.31
2020-01-26,2889.55,3163.44
2020-01-27,2986.34,3163.44
2020-01-28,3033.95,3163.44
2020-01-29,3057.7599999999998,3173.11
2020-01-30,3045.28,3173.56
2020-01-31,3061.69,3189.56
2020-02-01,3003.89,3129.4
2020-02-02,2879.4799999999996,3129.4
2020-02-03,3005.05,3140.47
2020-02-04,3098.94,3135.37
2020-02-05,3105.68,3125.12
2020-02-06,3107.26,3125.12
2020-02-07,3122.6699999999996,3127.68
2020-02-08,3056.13,3131.02
2020-02-09,2922.31,3131.02
2020-02-10,3013.73,3131.02
2020-02-11,3056.6699999999996,3131.02
2020-02-12,3093.2999999999997,3131.02
2020-02-13,3186.6299999999997,3131.02
2020-02-14,3194.27,3131.0699999999997
2020-02-15,3208.6,3123.9799999999996
2020-02-16,3075.2999999999997,3132.12
2020-02-17,3143.0600000000004,3132.12
2020-02-18,3230.62,3133.6899999999996
2020-02-19,3214.0,3127.58
2020-02-20,3130.69,3134.8
2020-02-21,3023.73,3146.4900000000002
2020-02-22,3034.39,3145.9500000000003
2020-02-23,2967.2,3145.9500000000003
2020-02-24,3091.5,3145.9500000000003
2020-02-25,3128.85,3145.9500000000003
2020-02-26,3126.3300000000004,3146.9500000000003
2020-02-27,3075.9,3149.52
2020-02-28,3084.84,3149.52
2020-02-29,3046.81,3180.9700000000003
2020-03-01,2881.74,3210.44
2020-03-02,3051.21,3214.55
2020-03-03,3072.83,3213.55
2020-03-04,3020.13,3213.55
2020-03-05,2947.4700000000003,3217.59
2020-03-06,2873.74,3217.59
2020-03-07,2946.72,3221.4700000000003
2020-03-08,2862.3,3227.03
2020-03-09,2831.22,3227.03
2020-03-10,2523.37,3227.03
2020-03-11,2629.1299999999997,3206.33
2020-03-12,2790.7400000000002,3194.95
2020-03-13,2867.95,3195.95
2020-03-14,2838.27,3193.0299999999997
2020-03-15,2712.8,3179.11
2020-03-16,2848.42,3182.17
2020-03-17,2965.5499999999997,3182.17
2020-06-01,2481.93,3399.86
2020-06-02,2467.5099999999998,3399.86
2020-06-03,2399.05,3400.11
2020-06-04,2339.63,3400.11
2020-06-05,2269.43,3394.68
2020-06-06,2306.44,3403.0
2020-06-07,2291.5299999999997,3403.0
2020-06-08,2439.24,3405.91
2020-06-09,2587.48,3399.55
2020-06-10,2684.47,3356.15
2020-06-11,2654.15,3352.35
2020-06-12,2650.69,3352.34
2020-06-13,2610.1,3339.7400000000002
2020-06-14,2547.62,3337.68
2020-06-15,2624.0,3332.26
2020-06-16,2658.8199999999997,3337.8
2020-06-17,2633.56,3347.2400000000002
2020-06-18,2639.26,3347.2400000000002
2020-06-19,2605.7999999999997,3347.2400000000002
2020-06-20,2590.52,3304.7200000000003
2020-06-21,2495.9500000000003,3316.6000000000004
2020-06-22,2572.33,3323.07
2020-06-23,2698.11,3323.07
2020-06-24,2750.84,3322.39
2020-06-25,2754.2200000000003,3320.54
2020-06-26,2737.56,3322.77
2020-06-27,2728.53,3322.77
2020-06-28,2652.3399999999997,3327.34
2020-06-29,2759.63,3322.98
2020-06-30,2837.27,3352.88
2020-07-01,2881.89,2968.62
2020-07-02,2897.08,2970.85
2020-07-03,2857.29,2969.85
2020-07-04,2729.23,2966.7200000000003
2020-07-05,2409.52,2972.37
2020-07-06,2522.7200000000003,2964.27
2020-07-07,2568.54,2950.5099999999998
2020-07-08,2618.05,2944.3
2020-07-09,2716.08,2942.7799999999997
2020-07-10,2701.58,2924.31
2020-07-11,2586.7200000000003,2946.32
2020-07-12,2377.35,2945.15
2020-07-13,2684.2599999999998,2945.15
2020-07-14,2834.49,2961.27
2020-07-15,2846.53,2942.84
2020-07-16,2816.29,2937.15
2020-07-17,2861.8900000000003,2933.39
2020-07-18,2939.33,2931.87
2020-07-19,2778.9,2936.19
2020-07-20,2671.38,2939.45
2020-07-21,2565.01,2958.7799999999997
2020-07-22,2733.94,2956.4
2020-07-23,2796.9300000000003,2957.64
2020-07-24,2857.65,2961.31
2020-07-25,2850.97,2927.25
2020-07-26,2795.17,2949.2900000000004
2020-07-27,2939.11,2962.69
2020-07-28,2986.04,2961.63
2020-07-29,2918.86,2961.63
2020-07-30,2883.88,2974.36
2020-07-31,2943.11,2984.0
2020-08-01,2860.43,2797.41
